b01_trace_by_id_20	warm	5	5190	1094009	1	11699	22665382	28	32	48
b01_trace_by_id_20	cold	3	5190	1094009	1	11699	27264454	113	168	193
b02_trace_by_id_1000	warm	5	9286	2153604	1	335128	22837625	35	40	50
b02_trace_by_id_1000	cold	3	9286	2153604	1	335128	27860778	118	130	354
c01_arithmetic	warm	5	2038978	86397665	20	2239	17379802	45	50	76
c01_arithmetic	cold	3	2038978	86397665	20	2239	16156423	60	63	71
c02_field_vs_field	warm	5	2047170	86855193	20	2490	17328251	51	55	72
c02_field_vs_field	cold	3	2047170	86855193	20	2490	14318458	63	63	71
c03_aggregate_value	warm	5	2045122	67721998	20	3426	23223806	60	67	73
c03_aggregate_value	cold	3	2045122	67721998	20	3426	28084864	72	72	97
c04_intrinsic_vs_attr	warm	5	2052290	84271201	20	2788	17126804	51	69	109
c04_intrinsic_vs_attr	cold	3	2052290	84271201	20	2788	16810196	68	70	71
c05_by_attribute	warm	5	3073217	108236987	67	4926	5904484	78	90	104
c05_by_attribute	cold	3	3073217	108236987	67	4926	9159659	123	148	531
c06_child_count	warm	5	4000128	128006400	20	640	156600556	114	125	193
c06_child_count	cold	3	4000128	128006400	20	640	135417912	134	146	164
c07_nested_set	warm	5	348205	13928245	4	36	4461699	79	80	92
c07_nested_set	cold	3	348205	13928245	4	36	5763291	213	214	348
c08_compare	warm	5	20071121	1104902803	314	34950	210013739	1053	1191	1416
c08_compare	cold	3	20071121	1104902803	314	34950	214887712	1380	1428	1474
c09_exemplars	warm	5	2000064	82004160	17	235706	18215125	63	90	155
c09_exemplars	cold	3	2000064	82004160	17	235706	16937114	90	91	103
c10_topk	warm	5	2000064	18000576	3	8140	21060532	40	42	66
c10_topk	cold	3	2000064	18000576	3	8140	21116498	51	53	63
c11_tag_names_catalog	warm	5	48	976	48	1123	4192091	1	2	25
c11_tag_names_catalog	cold	3	48	976	48	1123	5418344	2	2	8
c12_tag_values_catalog	warm	5	8192	303044	58	1445	4185235	2	2	2
c12_tag_values_catalog	cold	3	8192	303044	58	1445	6607897	4	5	5
c13_name_values	warm	5	2000064	20000640	276	6547	4341119	15	20	76
c13_name_values	cold	3	2000064	20000640	276	6547	4829829	22	30	37
c14_nested_set_numbering	warm	5	14949655	588589407	1	50	34991373	2966	3019	3131
c14_nested_set_numbering	cold	3	14949655	588589407	1	50	207216131	7388	7641	7641
c15_nested_set_small	warm	5	8913831	344885711	1	50	22469093	1789	1865	2170
c15_nested_set_small	cold	3	8913831	344885711	1	50	143063514	4828	4986	4986
c16_truthiness	warm	5	2049218	54200983	20	2812	17029708	45	46	47
c16_truthiness	cold	3	2049218	54200983	20	2812	20849148	64	68	72
c17_presence	warm	5	2047170	69392329	20	2869	17981248	57	58	63
c17_presence	cold	3	2047170	69392329	20	2869	14140031	72	72	78
c18_absence	warm	5	2045122	69289457	20	3001	32396535	70	73	135
c18_absence	cold	3	2045122	69289457	20	3001	33366785	90	101	122
c19_mid_pipeline_filter	warm	5	2053314	52043985	20	3603	17407067	33	36	38
c19_mid_pipeline_filter	cold	3	2053314	52043985	20	3603	15301046	57	60	64
g01_service_graph	warm	5	6000192	244173326	20	1233	115357023	198	209	267
g01_service_graph	cold	3	6000192	244173326	20	1233	117603167	239	261	328
m01b_rate_by_service_final	warm	5	2000064	18000576	17	46120	20784180	35	43	52
m01b_rate_by_service_final	cold	3	2000064	18000576	17	46120	20985814	44	45	50
m01c_rate_by_service_uniq	warm	5	2000064	66003280	17	46120	136346509	117	139	168
m01c_rate_by_service_uniq	cold	3	2000064	66003280	17	46120	135133992	125	130	134
m01_rate_by_service	warm	5	2000064	18000576	17	46120	21170695	37	38	43
m01_rate_by_service	cold	3	2000064	18000576	17	46120	21232198	42	44	45
m02_quantiles_by_route	warm	5	2000064	57573259	8	28578	5209179	36	40	40
m02_quantiles_by_route	cold	3	2000064	57573259	8	28578	10898508	55	56	61
m03_errors_by_service	warm	5	2000064	18054356	17	37264	4320220	17	17	21
m03_errors_by_service	cold	3	2000064	18054356	17	37264	6334241	23	27	46
m04_histogram	warm	5	2000064	34001088	21	38843	4367916	24	26	36
m04_histogram	cold	3	2000064	34001088	21	38843	5719186	35	37	42
m05_instant_avg_by_name	warm	5	2000064	38001216	66	2346	4256016	24	27	35
m05_instant_avg_by_name	cold	3	2000064	38001216	66	2346	7238855	33	45	49
m06_rate_by_resource_attr	warm	5	2000132	48004724	68	185352	4834186	39	44	100
m06_rate_by_resource_attr	cold	3	2000132	48004724	68	185352	5299072	44	46	72
s01_empty	warm	5	2045122	49694369	20	3001	28715453	51	62	114
s01_empty	cold	3	2045122	49694369	20	3001	29638827	68	75	80
s02_service	warm	5	2048194	51840427	20	3118	17406747	35	36	39
s02_service	cold	3	2048194	51840427	20	3118	15300982	48	56	56
s03_service_error	warm	5	2060229	52403324	20	2287	6065823	32	33	40
s03_service_error	cold	3	2060229	52403324	20	2287	5796324	55	60	83
s04_status_code_ge_500	warm	5	2040002	86132633	20	2557	18540948	46	47	81
s04_status_code_ge_500	cold	3	2040002	86132633	20	2557	17150459	57	68	130
s05_duration_kind	warm	5	2054417	68111701	20	2151	4431707	35	36	61
s05_duration_kind	cold	3	2054417	68111701	20	2151	5082776	64	66	145
s06_db_and_name	warm	5	2050242	79291001	20	4211	17621778	59	62	88
s06_db_and_name	cold	3	2050242	79291001	20	4211	18386140	86	92	169
s07_route_regex	warm	5	2043074	71799754	20	2638	17525655	44	46	48
s07_route_regex	cold	3	2043074	71799754	20	2638	15746852	70	74	134
s08_user_point	warm	5	2012354	70749328	4	546	4391604	40	44	47
s08_user_point	cold	3	2012354	70749328	4	546	5934322	57	67	139
s09_descendant	warm	5	5794587	211099492	20	1348	9996628	366	396	422
s09_descendant	cold	3	5794587	211099492	20	1348	24077044	790	790	848
s10_child	warm	5	2000064	98005824	20	1620	21763115	56	58	62
s10_child	cold	3	2000064	98005824	20	1620	23039644	77	79	180
s11_event_attr	warm	5	2045122	66918519	20	2428	6250596	38	43	46
s11_event_attr	cold	3	2045122	66918519	20	2428	6503006	54	55	131
s12_select	warm	5	2045122	50558161	20	3699	6241756	33	36	39
s12_select	cold	3	2045122	50558161	20	3699	7370632	53	62	89
s13_count_gt	warm	5	2053314	52043179	20	3543	17406747	40	43	45
s13_count_gt	cold	3	2053314	52043179	20	3543	15300870	56	58	63
s14_trace_level	warm	5	1246002	32208133	20	2962	19625830	71	78	107
s14_trace_level	cold	3	1246002	32208133	20	2962	20917750	145	168	169
s15_unscoped_and_resource	warm	5	2050650	142366401	20	2615	21123402	108	113	211
s15_unscoped_and_resource	cold	3	2050650	142366401	20	2615	15790869	137	145	281
st01_child_plain	warm	5	2000064	98059501	0	0	42227482	70	74	77
st01_child_plain	cold	3	2000064	98059501	0	0	39233142	104	112	189
st02_child_neg	warm	5	2000064	98059501	20	1364	42227066	63	77	81
st02_child_neg	cold	3	2000064	98059501	20	1364	40005754	88	97	119
st03_child_union	warm	5	2000064	98059501	0	0	100115169	70	73	95
st03_child_union	cold	3	2000064	98059501	0	0	98693821	98	100	121
st04_parent_plain	warm	5	2000064	98059501	0	0	42259563	75	80	145
st04_parent_plain	cold	3	2000064	98059501	0	0	41378376	98	106	110
st05_parent_neg	warm	5	2000064	98059501	20	1364	42259563	65	68	76
st05_parent_neg	cold	3	2000064	98059501	20	1364	41256348	108	109	162
st06_parent_union	warm	5	2000064	98059501	0	0	100115169	66	68	73
st06_parent_union	cold	3	2000064	98059501	0	0	100655861	90	97	197
st07_sibling_plain	warm	5	2000064	98059501	0	0	61226572	96	106	161
st07_sibling_plain	cold	3	2000064	98059501	0	0	62975399	146	152	153
st08_sibling_neg	warm	5	2000064	98059501	20	1364	61226572	100	108	123
st08_sibling_neg	cold	3	2000064	98059501	20	1364	62881800	156	156	311
st09_sibling_union	warm	5	2000064	98059501	0	0	118699005	93	97	148
st09_sibling_union	cold	3	2000064	98059501	0	0	98579336	131	146	189
st10_descendant_plain	warm	5	9892654	363770568	21	1539	28894844	932	994	1027
st10_descendant_plain	cold	3	9892654	363770568	21	1539	55251157	1942	1961	1969
st11_descendant_neg	warm	5	10265138	376077558	1	51	28906734	955	965	997
st11_descendant_neg	cold	3	10265138	376077558	1	51	56117005	2011	2020	2027
st12_descendant_union	warm	5	13992032	525897597	21	2451	28896016	1302	1325	1503
st12_descendant_union	cold	3	13992032	525897597	21	2451	94079944	2814	2851	2894
st13_ancestor_plain	warm	5	6558235	229865491	1	51	28909492	523	594	603
st13_ancestor_plain	cold	3	6558235	229865491	1	51	37897532	1132	1150	1164
st14_ancestor_neg	warm	5	6930719	245153119	21	1539	28369988	546	612	634
st14_ancestor_neg	cold	3	6930719	245153119	21	1539	42394700	1188	1267	1341
st15_ancestor_union	warm	5	8804162	317412853	1	51	29656618	849	874	1045
st15_ancestor_union	cold	3	8804162	317412853	1	51	55975876	1662	1689	1839
t01_tag_names_span	warm	5	2000064	741332805	28	556	69519862	325	392	411
t01_tag_names_span	cold	3	2000064	741332805	28	556	74732553	419	486	501
t02_tag_values_route	warm	5	2000064	39904107	58	1445	4249885	41	44	49
t02_tag_values_route	cold	3	2000064	39904107	58	1445	7664007	49	57	58
t03_tag_values_filtered	warm	5	2000132	50005332	4	100	4314016	26	27	31
t03_tag_values_filtered	cold	3	2000132	50005332	4	100	4367304	33	36	37
c20_roots	warm	5	4000128	160008672	20	800	236342055	373	437	542
c20_roots	cold	3	4000128	160008672	20	800	236495463	449	465	476
c21_hydrate_candidates	warm	5	2028737	51378385	924	44352	17404155	31	35	89
c21_hydrate_candidates	cold	3	2028737	51378385	924	44352	12106904	49	49	99
