table	rows	bytes	b_per_span
resources	68	6524	0.003
spans	2000064	79696928	39.847
tag_names	48	1190	0.001
tag_values	304070	1691983	0.846
traces	70413	3536708	1.768
total_bytes	bytes_per_span	index_overhead_pct	compression	total_rows	rows_per_span
84933333	42.46530761015647	6.5703975440559015	6.405392850077192	2374663	1.1872935066077885
name	bytes	b_per_span
attrs	21742404	10.871
span_id	16009064	8.004
end_ns	9409048	4.704
parent_span_id	8029431	4.015
start_ns	7348634	3.674
duration_ns	7189380	3.595
resource_id	2989207	1.495
name	1874410	0.937
events	1356851	0.678
trace_id	1192006	0.596
service	859590	0.43
kind	823990	0.412
scope_name	379242	0.19
links	77417	0.039
status_message	22915	0.011
status_code	19249	0.01
scope_attrs	12794	0.006
scope_version	7188	0.004
trace_state	1081	0.001
flags	1081	0.001
attrs_other	1081	0.001
dropped_attrs	1081	0.001
dropped_events	1081	0.001
dropped_links	1081	0.001
scope_schema_url	1081	0.001
scope_dropped_attrs	1081	0.001
scope_attrs_other	1081	0.001
